﻿
{
   "data":[
      {
        "name":"河道超警戒 乐清w(无匝)",
        "num":"251.85",
        "limitNum": "250.00",
        "flag": "1",
        "time":"09时10分"
      },
      {
        "name":"乐清w(无匝)",
        "num":"251.85",
        "limitNum": "250.00",
       "flag": "1",
        "time":"11时00分"
      },
      {
        "name":"乐清w(无匝)",
        "num":"251.85",
        "limitNum": "250.00",
        "time":"05时00分"
      },
     {
       "name":"乐清w(无匝)",
       "num":"51.05",
       "limitNum": "240.00",
       "time":"11时05分"
      },
      {
        "name":"乐清w(无匝)",
        "num":"81.80",
        "limitNum": "234.00",
        "time":"13时10分"
      }
   ]
}